{"cameraMode":{"drawMode":0,"name":"Shaded","section":"Shading Mode"},"sceneLighting":true,"audioPlay":false,"sceneViewState":{"showFog":true,"showMaterialUpdate":false,"showSkybox":true,"showFlares":true,"showImageEffects":true,"showParticleSystems":true},"in2DMode":false,"pivot":{"x":-39.14388656616211,"y":2.1116960048675539,"z":17.171236038208009},"rotation":{"x":-0.05269887298345566,"y":-0.8604875802993774,"z":0.09094712883234024,"w":-0.49844035506248476},"size":4.041658401489258,"orthographic":false}