{"cameraMode":{"drawMode":0,"name":"Shaded","section":"Shading Mode"},"sceneLighting":false,"audioPlay":false,"sceneViewState":{"showFog":true,"showMaterialUpdate":false,"showSkybox":true,"showFlares":true,"showImageEffects":true,"showParticleSystems":true},"in2DMode":false,"pivot":{"x":-44.01878356933594,"y":5.081518173217773,"z":-5.707554340362549},"rotation":{"x":0.06086139380931854,"y":0.45405685901641848,"z":-0.03109789453446865,"w":0.8883652091026306},"size":10.469592094421387,"orthographic":false}