{"cameraMode":{"drawMode":0,"name":"Shaded","section":"Shading Mode"},"sceneLighting":false,"audioPlay":false,"sceneViewState":{"showFog":true,"showMaterialUpdate":false,"showSkybox":true,"showFlares":true,"showImageEffects":true,"showParticleSystems":true},"in2DMode":false,"pivot":{"x":-2.128805160522461,"y":-3.6036221981048586,"z":8.0778226852417},"rotation":{"x":0.18211807310581208,"y":-0.19503384828567506,"z":0.036896463483572009,"w":0.9630683064460754},"size":16.54603385925293,"orthographic":false}